{
    "PurchDate": {
        "PurchDate": 1.0,
        "VehYear": 0.21529236491506482,
        "VehicleAge": 0.0371693861818254,
        "VehOdo": 0.13576387278177127,
        "MMRAcquisitionAuctionAveragePrice": 0.08704560295053829,
        "MMRAcquisitionAuctionCleanPrice": 0.08545912737846992,
        "MMRAcquisitionRetailAveragePrice": 0.4184290479967224,
        "MMRAcquisitonRetailCleanPrice": 0.3951568430083015,
        "MMRCurrentAuctionAveragePrice": 0.07023925812008928,
        "MMRCurrentAuctionCleanPrice": 0.07357773932831126,
        "MMRCurrentRetailAveragePrice": 0.37051294458795286,
        "MMRCurrentRetailCleanPrice": 0.3529032308145385,
        "VehBCost": 0.1494109549027576,
        "WarrantyCost": -0.03467642118925324,
        "WheelTypeID": 0.04531102617156246,
        "BYRNO": 0.08483347547933107,
        "VNZIP1": -0.030193164178651904,
        "IsOnlineSale": 0.1094619539884539
    },
    "VehYear": {
        "PurchDate": 0.21529236491506482,
        "VehYear": 1.0,
        "VehicleAge": -0.9577779147735698,
        "VehOdo": -0.2698156406292151,
        "MMRAcquisitionAuctionAveragePrice": 0.5937980060211874,
        "MMRAcquisitionAuctionCleanPrice": 0.5450818919735673,
        "MMRAcquisitionRetailAveragePrice": 0.5915292520088348,
        "MMRAcquisitonRetailCleanPrice": 0.5495931006143483,
        "MMRCurrentAuctionAveragePrice": 0.6045226269002923,
        "MMRCurrentAuctionCleanPrice": 0.5616677003208752,
        "MMRCurrentRetailAveragePrice": 0.6096674549752098,
        "MMRCurrentRetailCleanPrice": 0.5696067329109914,
        "VehBCost": 0.36619009867926816,
        "WarrantyCost": -0.2456012487959893,
        "WheelTypeID": 0.25075189027147593,
        "BYRNO": 0.2795781685201667,
        "VNZIP1": 0.06899461939950477,
        "IsOnlineSale": 0.05967925490326481
    },
    "VehicleAge": {
        "PurchDate": 0.0371693861818254,
        "VehYear": -0.9577779147735698,
        "VehicleAge": 1.0,
        "VehOdo": 0.30706487321028975,
        "MMRAcquisitionAuctionAveragePrice": -0.5775513500971586,
        "MMRAcquisitionAuctionCleanPrice": -0.5303082605257194,
        "MMRAcquisitionRetailAveragePrice": -0.4700603804381298,
        "MMRAcquisitonRetailCleanPrice": -0.4359003362166435,
        "MMRCurrentAuctionAveragePrice": -0.5884762510790812,
        "MMRCurrentAuctionCleanPrice": -0.5448664323358048,
        "MMRCurrentRetailAveragePrice": -0.514644373593327,
        "MMRCurrentRetailCleanPrice": -0.47982339839599153,
        "VehBCost": -0.3271802681480301,
        "WarrantyCost": 0.23710698144346307,
        "WheelTypeID": -0.24219731302378378,
        "BYRNO": -0.26812746792984327,
        "VNZIP1": -0.07643093015926071,
        "IsOnlineSale": -0.02697860135713359
    },
    "VehOdo": {
        "PurchDate": 0.13576387278177127,
        "VehYear": -0.2698156406292151,
        "VehicleAge": 0.30706487321028975,
        "VehOdo": 1.0,
        "MMRAcquisitionAuctionAveragePrice": -0.01384743154771934,
        "MMRAcquisitionAuctionCleanPrice": 0.02753931562170086,
        "MMRAcquisitionRetailAveragePrice": 0.036080891211171945,
        "MMRAcquisitonRetailCleanPrice": 0.0680454484205661,
        "MMRCurrentAuctionAveragePrice": -0.02883988282426,
        "MMRCurrentAuctionCleanPrice": 0.012018512833550543,
        "MMRCurrentRetailAveragePrice": 0.017333668010319166,
        "MMRCurrentRetailCleanPrice": 0.05021492022183004,
        "VehBCost": -0.06323572025397431,
        "WarrantyCost": 0.4063728710788038,
        "WheelTypeID": -0.2056367709908693,
        "BYRNO": -0.29592041341358727,
        "VNZIP1": -0.05761269227973553,
        "IsOnlineSale": 0.028611259438750414
    },
    "MMRAcquisitionAuctionAveragePrice": {
        "PurchDate": 0.08704560295053829,
        "VehYear": 0.5937980060211874,
        "VehicleAge": -0.5775513500971586,
        "VehOdo": -0.01384743154771934,
        "MMRAcquisitionAuctionAveragePrice": 1.0,
        "MMRAcquisitionAuctionCleanPrice": 0.9902032517907271,
        "MMRAcquisitionRetailAveragePrice": 0.9100351162012802,
        "MMRAcquisitonRetailCleanPrice": 0.9102505847788023,
        "MMRCurrentAuctionAveragePrice": 0.9360454255464938,
        "MMRCurrentAuctionCleanPrice": 0.9307325875533059,
        "MMRCurrentRetailAveragePrice": 0.8706040452369082,
        "MMRCurrentRetailCleanPrice": 0.8700591668769074,
        "VehBCost": 0.7875831461894316,
        "WarrantyCost": -0.046797113271343144,
        "WheelTypeID": -0.08844063549022688,
        "BYRNO": 0.10623544683885697,
        "VNZIP1": 0.040638017840012454,
        "IsOnlineSale": 0.03985627670342337
    },
    "MMRAcquisitionAuctionCleanPrice": {
        "PurchDate": 0.08545912737846992,
        "VehYear": 0.5450818919735673,
        "VehicleAge": -0.5303082605257194,
        "VehOdo": 0.02753931562170086,
        "MMRAcquisitionAuctionAveragePrice": 0.9902032517907271,
        "MMRAcquisitionAuctionCleanPrice": 1.0,
        "MMRAcquisitionRetailAveragePrice": 0.9020689715005843,
        "MMRAcquisitonRetailCleanPrice": 0.9182522120096798,
        "MMRCurrentAuctionAveragePrice": 0.921498360614042,
        "MMRCurrentAuctionCleanPrice": 0.9302039352274069,
        "MMRCurrentRetailAveragePrice": 0.8592517628075688,
        "MMRCurrentRetailCleanPrice": 0.8700911319048925,
        "VehBCost": 0.7788109367490478,
        "WarrantyCost": -0.017216178794590618,
        "WheelTypeID": -0.12260966077263465,
        "BYRNO": 0.06072501400079717,
        "VNZIP1": 0.03576359160170826,
        "IsOnlineSale": 0.03941820854602483
    },
    "MMRAcquisitionRetailAveragePrice": {
        "PurchDate": 0.4184290479967224,
        "VehYear": 0.5915292520088348,
        "VehicleAge": -0.4700603804381298,
        "VehOdo": 0.036080891211171945,
        "MMRAcquisitionAuctionAveragePrice": 0.9100351162012802,
        "MMRAcquisitionAuctionCleanPrice": 0.9020689715005843,
        "MMRAcquisitionRetailAveragePrice": 1.0,
        "MMRAcquisitonRetailCleanPrice": 0.9901733987420572,
        "MMRCurrentAuctionAveragePrice": 0.8495786082643808,
        "MMRCurrentAuctionCleanPrice": 0.8474234075109797,
        "MMRCurrentRetailAveragePrice": 0.9112333560906763,
        "MMRCurrentRetailCleanPrice": 0.9041722159820975,
        "VehBCost": 0.7447884043853265,
        "WarrantyCost": -0.048820649182655766,
        "WheelTypeID": -0.0671670135589023,
        "BYRNO": 0.10462613371291994,
        "VNZIP1": 0.03072109920292194,
        "IsOnlineSale": 0.08192997113313809
    },
    "MMRAcquisitonRetailCleanPrice": {
        "PurchDate": 0.3951568430083015,
        "VehYear": 0.5495931006143483,
        "VehicleAge": -0.4359003362166435,
        "VehOdo": 0.0680454484205661,
        "MMRAcquisitionAuctionAveragePrice": 0.9102505847788023,
        "MMRAcquisitionAuctionCleanPrice": 0.9182522120096798,
        "MMRAcquisitionRetailAveragePrice": 0.9901733987420572,
        "MMRAcquisitonRetailCleanPrice": 1.0,
        "MMRCurrentAuctionAveragePrice": 0.844974440228265,
        "MMRCurrentAuctionCleanPrice": 0.8539756785544217,
        "MMRCurrentRetailAveragePrice": 0.9013047683556386,
        "MMRCurrentRetailCleanPrice": 0.9049651700531567,
        "VehBCost": 0.7435479380799692,
        "WarrantyCost": -0.0223975849780842,
        "WheelTypeID": -0.09668067940128947,
        "BYRNO": 0.06687548783001893,
        "VNZIP1": 0.026628555458397797,
        "IsOnlineSale": 0.07856979534931217
    },
    "MMRCurrentAuctionAveragePrice": {
        "PurchDate": 0.07023925812008928,
        "VehYear": 0.6045226269002923,
        "VehicleAge": -0.5884762510790812,
        "VehOdo": -0.02883988282426,
        "MMRAcquisitionAuctionAveragePrice": 0.9360454255464938,
        "MMRAcquisitionAuctionCleanPrice": 0.921498360614042,
        "MMRAcquisitionRetailAveragePrice": 0.8495786082643808,
        "MMRAcquisitonRetailCleanPrice": 0.844974440228265,
        "MMRCurrentAuctionAveragePrice": 1.0,